,event_id,event,date,city,state,country
0,EVE0664,UFC Fight Night: Fiziev vs. Gamrot,2023-09-23,Las Vegas,Nevada,USA
1,EVE0663,UFC Fight Night: Grasso vs. Shevchenko 2,2023-09-16,Las Vegas,Nevada,USA
2,EVE0662,UFC 293: Adesanya vs. Strickland,2023-09-09,Sydney,New South Wales,Australia
3,EVE0661,UFC Fight Night: Gane vs. Spivac,2023-09-02,Paris,Ile-de-France,France
4,EVE0660,UFC Fight Night: Holloway vs. The Korean Zombie,2023-08-26,Kallang,,Singapore
5,EVE0659,UFC 292: Sterling vs. O'Malley,2023-08-19,Boston,Massachusetts,USA
6,EVE0658,UFC Fight Night: Luque vs. Dos Anjos,2023-08-12,Las Vegas,Nevada,USA
7,EVE0657,UFC Fight Night: Sandhagen vs. Font,2023-08-05,Nashville,Tennessee,USA
8,EVE0656,UFC 291: Poirier vs. Gaethje 2,2023-07-29,Salt Lake City,Utah,USA
9,EVE0655,UFC Fight Night: Aspinall vs. Tybura,2023-07-22,London,England,United Kingdom
10,EVE0654,UFC Fight Night: Holm vs. Bueno Silva,2023-07-15,Las Vegas,Nevada,USA
11,EVE0653,UFC 290: Volkanovski vs. Rodriguez,2023-07-08,Las Vegas,Nevada,USA
12,EVE0652,UFC Fight Night: Strickland vs. Magomedov,2023-07-01,Las Vegas,Nevada,USA
13,EVE0651,UFC Fight Night: Emmett vs. Topuria,2023-06-24,Jacksonville,Florida,USA
14,EVE0650,UFC Fight Night: Vettori vs. Cannonier,2023-06-17,Las Vegas,Nevada,USA
15,EVE0649,UFC 289: Nunes vs. Aldana,2023-06-10,Vancouver,British Columbia,Canada
16,EVE0648,UFC Fight Night: Kara-France vs. Albazi,2023-06-03,Las Vegas,Nevada,USA
17,EVE0647,UFC Fight Night: Dern vs. Hill,2023-05-20,Las Vegas,Nevada,USA
18,EVE0646,UFC Fight Night: Rozenstruik vs. Almeida,2023-05-13,Charlotte,North Carolina,USA
19,EVE0645,UFC 288: Sterling vs. Cejudo,2023-05-06,Newark,New Jersey,USA
20,EVE0644,UFC Fight Night: Song vs. Simon,2023-04-29,Las Vegas,Nevada,USA
21,EVE0643,UFC Fight Night: Pavlovich vs. Blaydes,2023-04-22,Las Vegas,Nevada,USA
22,EVE0642,UFC Fight Night: Holloway vs. Allen,2023-04-15,Kansas City,Missouri,USA
23,EVE0641,UFC 287: Pereira vs. Adesanya 2,2023-04-08,Miami,Florida,USA
24,EVE0640,UFC Fight Night: Vera vs. Sandhagen,2023-03-25,San Antonio,Texas,USA
25,EVE0639,UFC 286: Edwards vs. Usman 3,2023-03-18,London,England,United Kingdom
26,EVE0638,UFC Fight Night: Yan vs. Dvalishvili,2023-03-11,Las Vegas,Nevada,USA
27,EVE0637,UFC 285: Jones vs. Gane,2023-03-04,Las Vegas,Nevada,USA
28,EVE0636,UFC Fight Night: Muniz vs. Allen,2023-02-25,Las Vegas,Nevada,USA
29,EVE0635,UFC Fight Night: Andrade vs. Blanchfield,2023-02-18,Las Vegas,Nevada,USA
30,EVE0634,UFC 284: Makhachev vs. Volkanovski,2023-02-11,Perth,Western Australia,Australia
31,EVE0633,UFC Fight Night: Lewis vs. Spivac,2023-02-04,Las Vegas,Nevada,USA
32,EVE0632,UFC 283: Teixeira vs. Hill,2023-01-21,Rio de Janeiro,Rio de Janeiro,Brazil
33,EVE0631,UFC Fight Night: Strickland vs. Imavov,2023-01-14,Las Vegas,Nevada,USA
34,EVE0630,UFC Fight Night: Cannonier vs. Strickland,2022-12-17,Las Vegas,Nevada,USA
35,EVE0629,UFC 282: Blachowicz vs. Ankalaev,2022-12-10,Las Vegas,Nevada,USA
36,EVE0628,UFC Fight Night: Thompson vs. Holland,2022-12-03,Orlando,Florida,USA
37,EVE0627,UFC Fight Night: Nzechukwu vs. Cutelaba,2022-11-19,Las Vegas,Nevada,USA
38,EVE0626,UFC 281: Adesanya vs. Pereira,2022-11-12,New York City,New York,USA
39,EVE0625,UFC Fight Night: Rodriguez vs. Lemos,2022-11-05,Las Vegas,Nevada,USA
40,EVE0624,UFC Fight Night: Kattar vs. Allen,2022-10-29,Las Vegas,Nevada,USA
41,EVE0623,UFC 280: Oliveira vs. Makhachev,2022-10-22,Abu Dhabi,Abu Dhabi,United Arab Emirates
42,EVE0622,UFC Fight Night: Grasso vs. Araujo,2022-10-15,Las Vegas,Nevada,USA
43,EVE0621,UFC Fight Night: Dern vs. Yan,2022-10-01,Las Vegas,Nevada,USA
44,EVE0620,UFC Fight Night: Sandhagen vs. Song,2022-09-17,Las Vegas,Nevada,USA
45,EVE0619,UFC 279: Diaz vs. Ferguson,2022-09-10,Las Vegas,Nevada,USA
46,EVE0618,UFC Fight Night: Gane vs. Tuivasa,2022-09-03,Paris,Ile-de-France,France
47,EVE0617,UFC 278: Usman vs. Edwards,2022-08-20,Salt Lake City,Utah,USA
48,EVE0616,UFC Fight Night: Vera vs. Cruz,2022-08-13,San Diego,California,USA
49,EVE0615,UFC Fight Night: Santos vs. Hill,2022-08-06,Las Vegas,Nevada,USA
50,EVE0614,UFC 277: Pena vs. Nunes 2,2022-07-30,Dallas,Texas,USA
51,EVE0613,UFC Fight Night: Blaydes vs. Aspinall,2022-07-23,London,England,United Kingdom
52,EVE0612,UFC Fight Night: Ortega vs. Rodriguez,2022-07-16,Elmont,New York,USA
53,EVE0611,UFC Fight Night: Dos Anjos vs. Fiziev,2022-07-09,Las Vegas,Nevada,USA
54,EVE0610,UFC 276: Adesanya vs. Cannonier,2022-07-02,Las Vegas,Nevada,USA
55,EVE0609,UFC Fight Night: Tsarukyan vs. Gamrot,2022-06-25,Las Vegas,Nevada,USA
56,EVE0608,UFC Fight Night: Kattar vs. Emmett,2022-06-18,Austin,Texas,USA
57,EVE0607,UFC 275: Teixeira vs. Prochazka,2022-06-11,Kallang,,Singapore
58,EVE0606,UFC Fight Night: Volkov vs. Rozenstruik,2022-06-04,Las Vegas,Nevada,USA
59,EVE0605,UFC Fight Night: Holm vs. Vieira,2022-05-21,Las Vegas,Nevada,USA
60,EVE0604,UFC Fight Night: Blachowicz vs. Rakic,2022-05-14,Las Vegas,Nevada,USA
61,EVE0603,UFC 274: Oliveira vs. Gaethje,2022-05-07,Phoenix,Arizona,USA
62,EVE0602,UFC Fight Night: Font vs. Vera,2022-04-30,Las Vegas,Nevada,USA
63,EVE0601,UFC Fight Night: Lemos vs. Andrade,2022-04-23,Las Vegas,Nevada,USA
64,EVE0600,UFC Fight Night: Luque vs. Muhammad,2022-04-16,Las Vegas,Nevada,USA
65,EVE0599,UFC 273: Volkanovski vs. The Korean Zombie,2022-04-09,Jacksonville,Florida,USA
66,EVE0598,UFC Fight Night: Blaydes vs. Daukaus,2022-03-26,Columbus,Ohio,USA
67,EVE0597,UFC Fight Night: Volkov vs. Aspinall,2022-03-19,London,England,United Kingdom
68,EVE0596,UFC Fight Night: Santos vs. Ankalaev,2022-03-12,Las Vegas,Nevada,USA
69,EVE0595,UFC 272: Covington vs. Masvidal,2022-03-05,Las Vegas,Nevada,USA
70,EVE0594,UFC Fight Night: Makhachev vs. Green,2022-02-26,Las Vegas,Nevada,USA
71,EVE0593,UFC Fight Night: Walker vs. Hill,2022-02-19,Las Vegas,Nevada,USA
72,EVE0592,UFC 271: Adesanya vs. Whittaker 2,2022-02-12,Houston,Texas,USA
73,EVE0591,UFC Fight Night: Hermansson vs. Strickland,2022-02-05,Las Vegas,Nevada,USA
74,EVE0590,UFC 270: Ngannou vs. Gane,2022-01-22,Anaheim,California,USA
75,EVE0589,UFC Fight Night: Kattar vs. Chikadze,2022-01-15,Las Vegas,Nevada,USA
76,EVE0588,UFC Fight Night: Lewis vs. Daukaus,2021-12-18,Las Vegas,Nevada,USA
77,EVE0587,UFC 269: Oliveira vs. Poirier,2021-12-11,Las Vegas,Nevada,USA
78,EVE0586,UFC Fight Night: Font vs. Aldo,2021-12-04,Las Vegas,Nevada,USA
79,EVE0585,UFC Fight Night: Vieira vs. Tate,2021-11-20,Las Vegas,Nevada,USA
80,EVE0584,UFC Fight Night: Holloway vs. Rodriguez,2021-11-13,Las Vegas,Nevada,USA
81,EVE0583,UFC 268: Usman vs. Covington 2,2021-11-06,New York City,New York,USA
82,EVE0582,UFC 267: Blachowicz vs. Teixeira,2021-10-30,Abu Dhabi,Abu Dhabi,United Arab Emirates
83,EVE0581,UFC Fight Night: Costa vs. Vettori,2021-10-23,Las Vegas,Nevada,USA
84,EVE0580,UFC Fight Night: Ladd vs. Dumont,2021-10-16,Las Vegas,Nevada,USA
85,EVE0579,UFC Fight Night: Dern vs. Rodriguez,2021-10-09,Las Vegas,Nevada,USA
86,EVE0578,UFC Fight Night: Santos vs. Walker,2021-10-02,Las Vegas,Nevada,USA
87,EVE0577,UFC 266: Volkanovski vs. Ortega,2021-09-25,Las Vegas,Nevada,USA
88,EVE0576,UFC Fight Night: Smith vs. Spann,2021-09-18,Las Vegas,Nevada,USA
89,EVE0575,UFC Fight Night: Brunson vs. Till,2021-09-04,Las Vegas,Nevada,USA
90,EVE0574,UFC Fight Night: Barboza vs. Chikadze,2021-08-28,Las Vegas,Nevada,USA
91,EVE0573,UFC Fight Night: Cannonier vs. Gastelum,2021-08-21,Las Vegas,Nevada,USA
92,EVE0572,UFC 265: Lewis vs. Gane,2021-08-07,Houston,Texas,USA
93,EVE0571,UFC Fight Night: Hall vs. Strickland,2021-07-31,Las Vegas,Nevada,USA
94,EVE0570,UFC Fight Night: Sandhagen vs. Dillashaw,2021-07-24,Las Vegas,Nevada,USA
95,EVE0569,UFC Fight Night: Makhachev vs. Moises,2021-07-17,Las Vegas,Nevada,USA
96,EVE0568,UFC 264: Poirier vs. McGregor 3,2021-07-10,Las Vegas,Nevada,USA
97,EVE0567,UFC Fight Night: Gane vs. Volkov,2021-06-26,Las Vegas,Nevada,USA
98,EVE0566,UFC Fight Night: Jung vs. Ige,2021-06-19,Las Vegas,Nevada,USA
99,EVE0565,UFC 263: Adesanya vs. Vettori 2,2021-06-12,Glendale,Arizona,USA
100,EVE0564,UFC Fight Night: Rozenstruik vs. Sakai,2021-06-05,Las Vegas,Nevada,USA
101,EVE0563,UFC Fight Night: Font vs. Garbrandt,2021-05-22,Las Vegas,Nevada,USA
102,EVE0562,UFC 262: Oliveira vs. Chandler,2021-05-15,Houston,Texas,USA
103,EVE0561,UFC Fight Night: Rodriguez vs. Waterson,2021-05-08,Las Vegas,Nevada,USA
104,EVE0560,UFC Fight Night: Reyes vs. Prochazka,2021-05-01,Las Vegas,Nevada,USA
105,EVE0559,UFC 261: Usman vs. Masvidal 2,2021-04-24,Jacksonville,Florida,USA
106,EVE0558,UFC Fight Night: Whittaker vs. Gastelum,2021-04-17,Las Vegas,Nevada,USA
107,EVE0557,UFC Fight Night: Vettori vs. Holland,2021-04-10,Las Vegas,Nevada,USA
108,EVE0556,UFC 260: Miocic vs. Ngannou,2021-03-27,Las Vegas,Nevada,USA
109,EVE0555,UFC Fight Night: Brunson vs. Holland,2021-03-20,Las Vegas,Nevada,USA
110,EVE0554,UFC Fight Night: Edwards vs. Muhammad,2021-03-13,Las Vegas,Nevada,USA
111,EVE0553,UFC 259: Blachowicz vs. Adesanya,2021-03-06,Las Vegas,Nevada,USA
112,EVE0552,UFC Fight Night: Rozenstruik vs. Gane,2021-02-27,Las Vegas,Nevada,USA
113,EVE0551,UFC Fight Night: Blaydes vs. Lewis,2021-02-20,Las Vegas,Nevada,USA
114,EVE0550,UFC 258: Usman vs. Burns,2021-02-13,Las Vegas,Nevada,USA
115,EVE0549,UFC Fight Night: Overeem vs. Volkov,2021-02-06,Las Vegas,Nevada,USA
116,EVE0548,UFC 257: Poirier vs. McGregor,2021-01-23,Abu Dhabi,Abu Dhabi,United Arab Emirates
117,EVE0547,UFC Fight Night: Chiesa vs. Magny,2021-01-20,Abu Dhabi,Abu Dhabi,United Arab Emirates
118,EVE0546,UFC Fight Night: Holloway vs. Kattar,2021-01-16,Abu Dhabi,Abu Dhabi,United Arab Emirates
119,EVE0545,UFC Fight Night: Thompson vs. Neal,2020-12-19,Las Vegas,Nevada,USA
120,EVE0544,UFC 256: Figueiredo vs. Moreno,2020-12-12,Las Vegas,Nevada,USA
121,EVE0543,UFC Fight Night: Hermansson vs. Vettori,2020-12-05,Las Vegas,Nevada,USA
122,EVE0542,UFC Fight Night: Smith vs. Clark,2020-11-28,Las Vegas,Nevada,USA
123,EVE0541,UFC 255: Figueiredo vs. Perez,2020-11-21,Las Vegas,Nevada,USA
124,EVE0540,UFC Fight Night: Felder vs. Dos Anjos,2020-11-14,Las Vegas,Nevada,USA
125,EVE0539,UFC Fight Night: Santos vs. Teixeira,2020-11-07,Las Vegas,Nevada,USA
126,EVE0538,UFC Fight Night: Hall vs. Silva,2020-10-31,Las Vegas,Nevada,USA
127,EVE0537,UFC 254: Khabib vs. Gaethje,2020-10-24,Abu Dhabi,Abu Dhabi,United Arab Emirates
128,EVE0536,UFC Fight Night: Ortega vs. The Korean Zombie,2020-10-17,Abu Dhabi,Abu Dhabi,United Arab Emirates
129,EVE0535,UFC Fight Night: Moraes vs. Sandhagen,2020-10-10,Abu Dhabi,Abu Dhabi,United Arab Emirates
130,EVE0534,UFC Fight Night: Holm vs. Aldana,2020-10-03,Abu Dhabi,Abu Dhabi,United Arab Emirates
131,EVE0533,UFC 253: Adesanya vs. Costa,2020-09-26,Abu Dhabi,Abu Dhabi,United Arab Emirates
132,EVE0532,UFC Fight Night: Covington vs. Woodley,2020-09-19,Las Vegas,Nevada,USA
133,EVE0531,UFC Fight Night: Waterson vs. Hill,2020-09-12,Las Vegas,Nevada,USA
134,EVE0530,UFC Fight Night: Overeem vs. Sakai,2020-09-05,Las Vegas,Nevada,USA
135,EVE0529,UFC Fight Night: Smith vs. Rakic,2020-08-29,Las Vegas,Nevada,USA
136,EVE0528,UFC Fight Night: Munhoz vs. Edgar,2020-08-22,Las Vegas,Nevada,USA
137,EVE0527,UFC 252: Miocic vs. Cormier 3,2020-08-15,Las Vegas,Nevada,USA
138,EVE0526,UFC Fight Night: Lewis vs. Oleinik,2020-08-08,Las Vegas,Nevada,USA
139,EVE0525,UFC Fight Night: Brunson vs. Shahbazyan,2020-08-01,Las Vegas,Nevada,USA
140,EVE0524,UFC Fight Night: Whittaker vs. Till,2020-07-25,Abu Dhabi,Abu Dhabi,United Arab Emirates
141,EVE0523,UFC Fight Night: Figueiredo vs. Benavidez 2,2020-07-18,Abu Dhabi,Abu Dhabi,United Arab Emirates
142,EVE0522,UFC Fight Night: Kattar vs. Ige,2020-07-15,Abu Dhabi,Abu Dhabi,United Arab Emirates
143,EVE0521,UFC 251: Usman vs. Masvidal,2020-07-11,Abu Dhabi,Abu Dhabi,United Arab Emirates
144,EVE0520,UFC Fight Night: Poirier vs. Hooker,2020-06-27,Las Vegas,Nevada,USA
145,EVE0519,UFC Fight Night: Blaydes vs. Volkov,2020-06-20,Las Vegas,Nevada,USA
146,EVE0518,UFC Fight Night: Eye vs. Calvillo,2020-06-13,Las Vegas,Nevada,USA
147,EVE0517,UFC 250: Nunes vs. Spencer,2020-06-06,Las Vegas,Nevada,USA
148,EVE0516,UFC Fight Night: Woodley vs. Burns,2020-05-30,Las Vegas,Nevada,USA
149,EVE0515,UFC Fight Night: Overeem vs. Harris,2020-05-16,Jacksonville,Florida,USA
150,EVE0514,UFC Fight Night: Smith vs. Teixeira,2020-05-13,Jacksonville,Florida,USA
151,EVE0513,UFC 249: Ferguson vs. Gaethje,2020-05-09,Jacksonville,Florida,USA
152,EVE0512,UFC Fight Night: Lee vs. Oliveira,2020-03-14,Brasilia,Distrito Federal,Brazil
153,EVE0511,UFC 248: Adesanya vs. Romero,2020-03-07,Las Vegas,Nevada,USA
154,EVE0510,UFC Fight Night: Benavidez vs. Figueiredo,2020-02-29,Norfolk,Virginia,USA
155,EVE0509,UFC Fight Night: Felder vs. Hooker,2020-02-22,Auckland,,New Zealand
156,EVE0508,UFC Fight Night: Anderson vs. Blachowicz,2020-02-15,Rio Rancho,New Mexico,USA
157,EVE0507,UFC 247: Jones vs. Reyes,2020-02-08,Houston,Texas,USA
158,EVE0506,UFC Fight Night: Blaydes vs. Dos Santos,2020-01-25,Raleigh,North Carolina,USA
159,EVE0505,UFC 246: McGregor vs. Cowboy,2020-01-18,Las Vegas,Nevada,USA
160,EVE0504,UFC Fight Night: Edgar vs. The Korean Zombie,2019-12-21,Busan,,South Korea
161,EVE0503,UFC 245: Usman vs. Covington,2019-12-14,Las Vegas,Nevada,USA
162,EVE0502,UFC Fight Night: Overeem vs. Rozenstruik,2019-12-07,Washington,DC,USA
163,EVE0501,UFC Fight Night: Blachowicz vs. Jacare,2019-11-16,Sao Paulo,Sao Paulo,Brazil
164,EVE0500,UFC Fight Night: Zabit vs. Kattar,2019-11-09,Moscow,Moscow,Russia
165,EVE0499,UFC 244: Masvidal vs. Diaz,2019-11-02,New York City,New York,USA
166,EVE0498,UFC Fight Night: Maia vs. Askren,2019-10-26,Kallang,,Singapore
167,EVE0497,UFC Fight Night: Reyes vs. Weidman,2019-10-18,Boston,Massachusetts,USA
168,EVE0496,UFC Fight Night: Joanna vs. Waterson,2019-10-12,Tampa,Florida,USA
169,EVE0495,UFC 243: Whittaker vs. Adesanya,2019-10-05,Melbourne,Victoria,Australia
170,EVE0494,UFC Fight Night: Hermansson vs. Cannonier,2019-09-28,Copenhagen,,Denmark
171,EVE0493,UFC Fight Night: Rodriguez vs. Stephens,2019-09-21,Mexico City,Distrito Federal,Mexico
172,EVE0492,UFC Fight Night: Cowboy vs. Gaethje,2019-09-14,Vancouver,British Columbia,Canada
173,EVE0491,UFC 242: Khabib vs. Poirier,2019-09-07,Abu Dhabi,Abu Dhabi,United Arab Emirates
174,EVE0490,UFC Fight Night: Andrade vs. Zhang,2019-08-31,Shenzhen,Guangdong,China
175,EVE0489,UFC 241: Cormier vs. Miocic 2,2019-08-17,Anaheim,California,USA
176,EVE0488,UFC Fight Night: Shevchenko vs. Carmouche 2,2019-08-10,Montevideo,,Uruguay
177,EVE0487,UFC Fight Night: Covington vs. Lawler,2019-08-03,Newark,New Jersey,USA
178,EVE0486,UFC 240: Holloway vs. Edgar,2019-07-27,Edmonton,Alberta,Canada
179,EVE0485,UFC Fight Night: Dos Anjos vs. Edwards,2019-07-20,San Antonio,Texas,USA
180,EVE0484,UFC Fight Night: De Randamie vs. Ladd,2019-07-13,Sacramento,California,USA
181,EVE0483,UFC 239: Jones vs. Santos,2019-07-06,Las Vegas,Nevada,USA
182,EVE0482,UFC Fight Night: Ngannou vs. Dos Santos,2019-06-29,Minneapolis,Minnesota,USA
183,EVE0481,UFC Fight Night: Moicano vs. The Korean Zombie,2019-06-22,Greenville,South Carolina,USA
184,EVE0480,UFC 238: Cejudo vs. Moraes,2019-06-08,Chicago,Illinois,USA
185,EVE0479,UFC Fight Night: Gustafsson vs. Smith,2019-06-01,Stockholm,,Sweden
186,EVE0478,UFC Fight Night: Dos Anjos vs. Lee,2019-05-18,Rochester,New York,USA
187,EVE0477,UFC 237: Namajunas vs. Andrade,2019-05-11,Rio de Janeiro,Rio de Janeiro,Brazil
188,EVE0476,UFC Fight Night: Iaquinta vs. Cowboy,2019-05-04,Ottawa,Ontario,Canada
189,EVE0475,UFC Fight Night: Jacare vs. Hermansson,2019-04-27,Sunrise,Florida,USA
190,EVE0474,UFC Fight Night: Overeem vs. Oleinik,2019-04-20,Saint Petersburg,Saint Petersburg,Russia
191,EVE0473,UFC 236: Holloway vs. Poirier 2,2019-04-13,Atlanta,Georgia,USA
192,EVE0472,UFC Fight Night: Barboza vs. Gaethje,2019-03-30,Philadelphia,Pennsylvania,USA
193,EVE0471,UFC Fight Night: Thompson vs. Pettis,2019-03-23,Nashville,Tennessee,USA
194,EVE0470,UFC Fight Night: Till vs. Masvidal,2019-03-16,London,England,United Kingdom
195,EVE0469,UFC Fight Night: Lewis vs. Dos Santos,2019-03-09,Wichita,Kansas,USA
196,EVE0468,UFC 235: Jones vs. Smith,2019-03-02,Las Vegas,Nevada,USA
197,EVE0467,UFC Fight Night: Blachowicz vs. Santos,2019-02-23,Prague,,Czech Republic
198,EVE0466,UFC Fight Night: Ngannou vs. Velasquez,2019-02-17,Phoenix,Arizona,USA
199,EVE0465,UFC 234: Adesanya vs. Silva,2019-02-09,Melbourne,Victoria,Australia
200,EVE0464,UFC Fight Night: Assuncao vs. Moraes 2,2019-02-02,Fortaleza,Ceara,Brazil
201,EVE0463,UFC Fight Night: Cejudo vs. Dillashaw,2019-01-19,Brooklyn,New York,USA
202,EVE0462,UFC 232: Jones vs. Gustafsson 2,2018-12-29,Los Angeles,California,USA
203,EVE0461,UFC Fight Night: Lee vs. Iaquinta,2018-12-15,Milwaukee,Wisconsin,USA
204,EVE0460,UFC 231: Holloway vs. Ortega,2018-12-08,Toronto,Ontario,Canada
205,EVE0459,UFC Fight Night: Dos Santos vs. Tuivasa,2018-12-01,Adelaide,South Australia,Australia
206,EVE0458,The Ultimate Fighter: Heavy Hitters Finale,2018-11-30,Las Vegas,Nevada,USA
207,EVE0457,UFC Fight Night: Blaydes vs. Ngannou 2,2018-11-24,Beijing,,China
208,EVE0456,UFC Fight Night: Magny vs. Ponzinibbio,2018-11-17,Buenos Aires,Buenos Aires,Argentina
209,EVE0455,UFC Fight Night: Korean Zombie vs. Rodriguez,2018-11-10,Denver,Colorado,USA
210,EVE0454,UFC 230: Cormier vs. Lewis,2018-11-03,New York City,New York,USA
211,EVE0453,UFC Fight Night: Oezdemir vs. Smith,2018-10-27,Moncton,New Brunswick,Canada
212,EVE0452,UFC 229: Khabib vs. McGregor,2018-10-06,Las Vegas,Nevada,USA
213,EVE0451,UFC Fight Night: Marreta vs. Anders,2018-09-22,Sao Paulo,Sao Paulo,Brazil
214,EVE0450,UFC Fight Night: Hunt vs. Oleinik,2018-09-15,Moscow,Moscow,Russia
215,EVE0449,UFC 228: Woodley vs. Till,2018-09-08,Dallas,Texas,USA
216,EVE0448,UFC Fight Night: Gaethje vs. Vick,2018-08-25,Lincoln,Nebraska,USA
217,EVE0447,UFC 227: Dillashaw vs. Garbrandt 2,2018-08-04,Los Angeles,California,USA
218,EVE0446,UFC Fight Night: Alvarez vs. Poirier 2,2018-07-28,Calgary,Alberta,Canada
219,EVE0445,UFC Fight Night: Shogun vs. Smith,2018-07-22,Hamburg,Hamburg,Germany
220,EVE0444,UFC Fight Night: Dos Santos vs. Ivanov,2018-07-14,Boise,Idaho,USA
221,EVE0443,UFC 226: Miocic vs. Cormier,2018-07-07,Las Vegas,Nevada,USA
222,EVE0442,The Ultimate Fighter: Undefeated Finale,2018-07-06,Las Vegas,Nevada,USA
223,EVE0441,UFC Fight Night: Cowboy vs. Edwards,2018-06-23,Kallang,,Singapore
224,EVE0440,UFC 225: Whittaker vs. Romero 2,2018-06-09,Chicago,Illinois,USA
225,EVE0439,UFC Fight Night: Rivera vs. Moraes,2018-06-01,Utica,New York,USA
226,EVE0438,UFC Fight Night: Thompson vs. Till,2018-05-27,Liverpool,England,United Kingdom
227,EVE0437,UFC Fight Night: Maia vs. Usman,2018-05-19,Santiago,,Chile
228,EVE0436,UFC 224: Nunes vs. Pennington,2018-05-12,Rio de Janeiro,Rio de Janeiro,Brazil
229,EVE0435,UFC Fight Night: Barboza vs. Lee,2018-04-21,Atlantic City,New Jersey,USA
230,EVE0434,UFC Fight Night: Poirier vs. Gaethje,2018-04-14,Glendale,Arizona,USA
231,EVE0433,UFC 223: Khabib vs. Iaquinta,2018-04-07,Brooklyn,New York,USA
232,EVE0432,UFC Fight Night: Werdum vs. Volkov,2018-03-17,London,England,United Kingdom
233,EVE0431,UFC 222: Cyborg vs. Kunitskaya,2018-03-03,Las Vegas,Nevada,USA
234,EVE0430,UFC Fight Night: Emmett vs. Stephens,2018-02-24,Orlando,Florida,USA
235,EVE0429,UFC Fight Night: Cerrone vs. Medeiros,2018-02-18,Austin,Texas,USA
236,EVE0428,UFC 221: Romero vs. Rockhold,2018-02-10,Perth,Western Australia,Australia
237,EVE0427,UFC Fight Night: Machida vs. Anders,2018-02-03,Belem,Para,Brazil
238,EVE0426,UFC Fight Night: Jacare vs. Brunson 2,2018-01-27,Charlotte,North Carolina,USA
239,EVE0425,UFC 220: Miocic vs. Ngannou,2018-01-20,Boston,Massachusetts,USA
240,EVE0424,UFC Fight Night: Stephens vs. Choi,2018-01-14,St. Louis,Missouri,USA
241,EVE0423,UFC 219: Cyborg vs. Holm,2017-12-30,Las Vegas,Nevada,USA
242,EVE0422,UFC Fight Night: Lawler vs. Dos Anjos,2017-12-16,Winnipeg,Manitoba,Canada
243,EVE0421,UFC Fight Night: Swanson vs. Ortega,2017-12-09,Fresno,California,USA
244,EVE0420,UFC 218: Holloway vs. Aldo 2,2017-12-02,Detroit,Michigan,USA
245,EVE0419,The Ultimate Fighter: A New World Champion Finale,2017-12-01,Las Vegas,Nevada,USA
246,EVE0418,UFC Fight Night: Bisping vs. Gastelum,2017-11-25,Shanghai,Hebei,China
247,EVE0417,UFC Fight Night: Werdum vs. Tybura,2017-11-18,Sydney,New South Wales,Australia
248,EVE0416,UFC Fight Night: Poirier vs. Pettis,2017-11-11,Norfolk,Virginia,USA
249,EVE0415,UFC 217: Bisping vs. St-Pierre,2017-11-04,New York City,New York,USA
250,EVE0414,UFC Fight Night: Brunson vs. Machida,2017-10-28,Sao Paulo,Sao Paulo,Brazil
251,EVE0413,UFC Fight Night: Cerrone vs. Till,2017-10-21,Gdansk,,Poland
252,EVE0412,UFC 216: Ferguson vs. Lee,2017-10-07,Las Vegas,Nevada,USA
253,EVE0411,UFC Fight Night: Saint Preux vs. Okami,2017-09-22,Saitama,Saitama,Japan
254,EVE0410,UFC Fight Night: Rockhold vs. Branch,2017-09-16,Pittsburgh,Pennsylvania,USA
255,EVE0409,UFC 215: Nunes vs Shevchenko 2,2017-09-09,Edmonton,Alberta,Canada
256,EVE0408,UFC Fight Night: Volkov vs. Struve,2017-09-02,Rotterdam,Zuid-Holland,Netherlands
257,EVE0407,UFC Fight Night: Pettis vs. Moreno,2017-08-05,Mexico City,Distrito Federal,Mexico
258,EVE0406,UFC 214: Cormier vs. Jones 2,2017-07-29,Anaheim,California,USA
259,EVE0405,UFC Fight Night: Weidman vs. Gastelum,2017-07-22,Uniondale,New York,USA
260,EVE0404,UFC Fight Night: Nelson vs. Ponzinibbio,2017-07-16,Glasgow,Scotland,United Kingdom
261,EVE0403,UFC 213: Romero vs. Whittaker,2017-07-08,Las Vegas,Nevada,USA
262,EVE0402,The Ultimate Fighter: Redemption Finale,2017-07-07,Las Vegas,Nevada,USA
263,EVE0401,UFC Fight Night: Chiesa vs. Lee,2017-06-25,Oklahoma City,Oklahoma,USA
264,EVE0400,UFC Fight Night: Holm vs. Correia,2017-06-17,Kallang,,Singapore
265,EVE0399,UFC Fight Night: Lewis vs. Hunt,2017-06-10,Auckland,,New Zealand
266,EVE0398,UFC 212: Aldo vs. Holloway,2017-06-03,Rio de Janeiro,Rio de Janeiro,Brazil
267,EVE0397,UFC Fight Night: Gustafsson vs. Teixeira,2017-05-28,Stockholm,,Sweden
268,EVE0396,UFC 211: Miocic vs. Dos Santos,2017-05-13,Dallas,Texas,USA
269,EVE0395,UFC Fight Night: Swanson vs. Lobov,2017-04-22,Nashville,Tennessee,USA
270,EVE0394,UFC on FOX: Johnson vs. Reis,2017-04-15,Kansas City,Missouri,USA
271,EVE0393,UFC 210: Cormier vs. Johnson 2,2017-04-08,Buffalo,New York,USA
272,EVE0392,UFC Fight Night: Manuwa vs. Anderson,2017-03-18,London,England,United Kingdom
273,EVE0391,UFC Fight Night: Belfort vs. Gastelum,2017-03-11,Fortaleza,Ceara,Brazil
274,EVE0390,UFC 209: Woodley vs. Thompson 2,2017-03-04,Las Vegas,Nevada,USA
275,EVE0389,UFC Fight Night: Lewis vs. Browne,2017-02-19,Halifax,Nova Scotia,Canada
276,EVE0388,UFC 208: Holm vs. De Randamie,2017-02-11,Brooklyn,New York,USA
277,EVE0387,UFC Fight Night: Bermudez vs. The Korean Zombie,2017-02-04,Houston,Texas,USA
278,EVE0386,UFC on FOX: Shevchenko vs. Pena,2017-01-28,Denver,Colorado,USA
279,EVE0385,UFC Fight Night: Rodriguez vs. Penn,2017-01-15,Phoenix,Arizona,USA
280,EVE0384,UFC 207: Nunes vs. Rousey,2016-12-30,Las Vegas,Nevada,USA
281,EVE0383,UFC on FOX: VanZant vs. Waterson,2016-12-17,Sacramento,California,USA
282,EVE0382,UFC 206: Holloway vs. Pettis,2016-12-10,Toronto,Ontario,Canada
283,EVE0381,UFC Fight Night: Lewis vs. Abdurakhimov,2016-12-09,Albany,New York,USA
284,EVE0380,The Ultimate Fighter: Tournament of Champions Finale,2016-12-03,Las Vegas,Nevada,USA
285,EVE0379,UFC Fight Night: Whittaker vs. Brunson,2016-11-26,Melbourne,Victoria,Australia
286,EVE0378,UFC Fight Night: Bader vs. Nogueira,2016-11-19,Sao Paulo,Sao Paulo,Brazil
287,EVE0377,UFC Fight Night: Mousasi vs. Hall 2,2016-11-19,Belfast,Northern Ireland,United Kingdom
288,EVE0376,UFC 205: Alvarez vs McGregor,2016-11-12,New York City,New York,USA
289,EVE0375,UFC Fight Night: Dos Anjos vs. Ferguson,2016-11-05,Mexico City,Distrito Federal,Mexico
290,EVE0374,UFC 204: Bisping vs. Henderson,2016-10-08,Manchester,England,United Kingdom
291,EVE0373,UFC Fight Night: Lineker vs. Dodson,2016-10-01,Portland,Oregon,USA
292,EVE0372,UFC Fight Night: Cyborg vs. Lansberg,2016-09-24,Brasilia,Distrito Federal,Brazil
293,EVE0371,UFC Fight Night: Poirier vs. Johnson,2016-09-17,Hidalgo,Texas,USA
294,EVE0370,UFC 203: Miocic vs. Overeem,2016-09-10,Cleveland,Ohio,USA
295,EVE0369,UFC Fight Night: Arlovski vs. Barnett,2016-09-03,Hamburg,Hamburg,Germany
296,EVE0368,UFC on FOX: Maia vs. Condit,2016-08-27,Vancouver,British Columbia,Canada
297,EVE0367,UFC 202: Diaz vs. McGregor 2,2016-08-20,Las Vegas,Nevada,USA
298,EVE0366,UFC Fight Night: Rodriguez vs. Caceres,2016-08-06,Salt Lake City,Utah,USA
299,EVE0365,UFC 201: Lawler vs. Woodley,2016-07-30,Atlanta,Georgia,USA
300,EVE0364,UFC on FOX: Holm vs. Shevchenko,2016-07-23,Chicago,Illinois,USA
301,EVE0363,UFC Fight Night: McDonald vs. Lineker,2016-07-13,Sioux Falls,South Dakota,USA
302,EVE0362,UFC 200: Tate vs Nunes,2016-07-09,Las Vegas,Nevada,USA
303,EVE0361,The Ultimate Fighter: Team Joanna vs. Team Cláudia Finale,2016-07-08,Las Vegas,Nevada,USA
304,EVE0360,UFC Fight Night: Dos Anjos vs. Alvarez,2016-07-07,Las Vegas,Nevada,USA
305,EVE0359,UFC Fight Night: MacDonald vs Thompson,2016-06-18,Ottawa,Ontario,Canada
306,EVE0358,UFC 199: Rockhold vs. Bisping 2,2016-06-04,Los Angeles,California,USA
307,EVE0357,UFC Fight Night: Almeida vs Garbrandt,2016-05-29,Las Vegas,Nevada,USA
308,EVE0356,UFC 198: Werdum vs Miocic,2016-05-14,Curitiba,Parana,Brazil
309,EVE0355,UFC Fight Night: Overeem vs Arlovski,2016-05-08,Rotterdam,Zuid-Holland,Netherlands
310,EVE0354,UFC 197: Jones vs Saint Preux,2016-04-23,Las Vegas,Nevada,USA
311,EVE0353,UFC on FOX: Teixeira vs Evans,2016-04-16,Tampa,Florida,USA
312,EVE0352,UFC Fight Night: Rothwell vs Dos Santos,2016-04-10,Zagreb,,Croatia
313,EVE0351,UFC Fight Night: Hunt vs Mir,2016-03-19,Brisbane,Queensland,Australia
314,EVE0350,UFC 196: McGregor vs Diaz,2016-03-05,Las Vegas,Nevada,USA
315,EVE0349,UFC Fight Night: Silva vs Bisping,2016-02-27,London,England,United Kingdom
316,EVE0348,UFC Fight Night: Cowboy vs Cowboy,2016-02-21,Pittsburgh,Pennsylvania,USA
317,EVE0347,UFC Fight Night: Hendricks vs Thompson,2016-02-06,Las Vegas,Nevada,USA
318,EVE0346,UFC on FOX: Johnson vs. Bader,2016-01-30,Newark,New Jersey,USA
319,EVE0345,UFC Fight Night: Dillashaw vs Cruz,2016-01-17,Boston,Massachusetts,USA
320,EVE0344,UFC 195: Lawler vs Condit,2016-01-02,Las Vegas,Nevada,USA
321,EVE0343,UFC on FOX: Dos Anjos vs. Cowboy 2,2015-12-19,Orlando,Florida,USA
322,EVE0342,UFC 194: Aldo vs McGregor,2015-12-12,Las Vegas,Nevada,USA
323,EVE0341,The Ultimate Fighter: Team McGregor vs. Team Faber Finale,2015-12-11,Las Vegas,Nevada,USA
324,EVE0340,UFC Fight Night: Namajunas vs. VanZant,2015-12-10,Las Vegas,Nevada,USA
325,EVE0339,UFC Fight Night: Henderson vs Masvidal,2015-11-28,Seoul,,South Korea
326,EVE0338,UFC Fight Night: Magny vs Gastelum,2015-11-21,Monterrey,Nuevo Leon,Mexico
327,EVE0337,UFC 193: Rousey vs Holm,2015-11-14,Melbourne,Victoria,Australia
328,EVE0336,UFC Fight Night: Belfort vs Henderson 3,2015-11-07,Sao Paulo,Sao Paulo,Brazil
329,EVE0335,UFC Fight Night: Holohan vs Smolka,2015-10-24,Dublin,Leinster,Ireland
330,EVE0334,UFC 192: Cormier vs Gustafsson,2015-10-03,Houston,Texas,USA
331,EVE0333,UFC Fight Night: Barnett vs Nelson,2015-09-26,Saitama,,Japan
332,EVE0332,UFC 191: Johnson vs Dodson 2,2015-09-05,Las Vegas,Nevada,USA
333,EVE0331,UFC Fight Night: Holloway vs Oliveira,2015-08-23,Saskatoon,Saskatchewan,Canada
334,EVE0330,UFC Fight Night: Teixeira vs Saint Preux,2015-08-08,Nashville,Tennessee,USA
335,EVE0329,UFC 190: Rousey vs Correia,2015-08-01,Rio de Janeiro,Rio de Janeiro,Brazil
336,EVE0328,UFC on FOX: Dillashaw vs. Barao II,2015-07-25,Chicago,Illinois,USA
337,EVE0327,UFC Fight Night: Bisping vs Leites,2015-07-18,Glasgow,Scotland,United Kingdom
338,EVE0326,UFC Fight Night: Mir vs Duffee,2015-07-15,San Diego,California,USA
339,EVE0325,The Ultimate Fighter: American Top Team vs. Blackzilians Finale,2015-07-12,Las Vegas,Nevada,USA
340,EVE0324,UFC 189: Mendes vs McGregor,2015-07-11,Las Vegas,Nevada,USA
341,EVE0323,UFC Fight Night: Machida vs Romero,2015-06-27,Hollywood,Florida,USA
342,EVE0322,UFC Fight Night: Jedrzejczyk vs Penne,2015-06-20,Berlin,Berlin,Germany
343,EVE0321,UFC 188: Velasquez vs Werdum,2015-06-13,Mexico City,Distrito Federal,Mexico
344,EVE0320,UFC Fight Night: Boetsch vs Henderson,2015-06-06,New Orleans,Louisiana,USA
345,EVE0319,UFC Fight Night: Condit vs Alves,2015-05-30,Goiania,Goias,Brazil
346,EVE0318,UFC 187: Johnson vs Cormier,2015-05-23,Las Vegas,Nevada,USA
347,EVE0317,UFC Fight Night: Edgar vs Faber,2015-05-16,Manila,,Philippines
348,EVE0316,UFC Fight Night: Miocic vs Hunt,2015-05-09,Adelaide,South Australia,Australia
349,EVE0315,UFC 186: Johnson vs Horiguchi,2015-04-25,Montreal,Quebec,Canada
350,EVE0314,UFC on FOX: Machida vs Rockhold,2015-04-18,Newark,New Jersey,USA
351,EVE0313,UFC Fight Night: Gonzaga vs Cro Cop 2,2015-04-11,Krakow,,Poland
352,EVE0312,UFC Fight Night: Mendes vs Lamas,2015-04-04,Fairfax,Virginia,USA
353,EVE0311,UFC Fight Night: Maia vs LaFlare,2015-03-21,Rio de Janeiro,,Brazil
354,EVE0310,UFC 185: Pettis vs Dos Anjos,2015-03-14,Dallas,Texas,USA
355,EVE0309,UFC 184: Rousey vs Zingano,2015-02-28,Los Angeles,California,USA
356,EVE0308,UFC Fight Night: Bigfoot vs Mir,2015-02-22,Porto Alegre,Rio Grande do Sul,Brazil
357,EVE0307,UFC Fight Night: Henderson vs Thatch,2015-02-14,Broomfield,Colorado,USA
358,EVE0306,UFC 183: Silva vs Diaz,2015-01-31,Las Vegas,Nevada,USA
359,EVE0305,UFC on FOX: Gustafsson vs Johnson,2015-01-24,Stockholm,,Sweden
360,EVE0304,UFC Fight Night: McGregor vs Siver,2015-01-18,Boston,Massachusetts,USA
361,EVE0303,UFC 182: Jones vs Cormier,2015-01-03,Las Vegas,Nevada,USA
362,EVE0302,UFC Fight Night: Machida vs Dollaway,2014-12-20,Barueri,Sao Paulo,Brazil
363,EVE0301,UFC on FOX: Dos Santos vs Miocic,2014-12-13,Phoenix,Arizona,USA
364,EVE0300,The Ultimate Fighter: A Champion Will Be Crowned Finale,2014-12-12,Las Vegas,Nevada,USA
365,EVE0299,UFC 181: Hendricks vs Lawler II,2014-12-06,Las Vegas,Nevada,USA
366,EVE0298,UFC Fight Night: Edgar vs Swanson,2014-11-22,Austin,Texas,USA
367,EVE0297,UFC 180: Werdum vs Hunt,2014-11-15,Mexico City,Distrito Federal,Mexico
368,EVE0296,UFC Fight Night 56: Shogun vs Saint Preux,2014-11-08,Uberlandia,Minas Gerais,Brazil
369,EVE0295,UFC Fight Night: Rockhold vs Bisping,2014-11-07,Sydney,New South Wales,Australia
370,EVE0294,UFC 179: Aldo vs Mendes 2,2014-10-25,Rio de Janeiro,,Brazil
371,EVE0293,UFC Fight Night: MacDonald vs Saffiedine,2014-10-04,Halifax,Nova Scotia,Canada
372,EVE0292,UFC Fight Night: Nelson vs Story,2014-10-04,Stockholm,,Sweden
373,EVE0291,UFC 178: Johnson vs Cariaso,2014-09-27,Las Vegas,Nevada,USA
374,EVE0290,UFC Fight Night: Hunt vs Nelson,2014-09-20,Saitama,,Japan
375,EVE0289,UFC Fight Night: Bigfoot vs Arlovski,2014-09-13,Brasilia,Distrito Federal,Brazil
376,EVE0288,UFC Fight Night: Jacare vs Mousasi,2014-09-05,Ledyard,Connecticut,USA
377,EVE0287,UFC 177: Dillashaw vs Soto,2014-08-30,Sacramento,California,USA
378,EVE0286,UFC Fight Night: Henderson vs Dos Anjos,2014-08-23,Tulsa,Oklahoma,USA
379,EVE0285,UFC Fight Night: Bisping vs Le,2014-08-23,Macau,,China
380,EVE0284,UFC Fight Night: Bader vs Saint Preux,2014-08-16,Bangor,Maine,USA
381,EVE0283,UFC on FOX: Lawler vs Brown,2014-07-26,San Jose,California,USA
382,EVE0282,UFC Fight Night: McGregor vs Brandao,2014-07-19,Dublin,Leinster,Ireland
383,EVE0281,UFC Fight Night: Cowboy vs Miller,2014-07-16,Atlantic City,New Jersey,USA
384,EVE0280,The Ultimate Fighter: Team Edgar vs. Team Penn Finale,2014-07-06,Las Vegas,Nevada,USA
385,EVE0279,UFC 175: Weidman vs Machida,2014-07-05,Las Vegas,Nevada,USA
386,EVE0278,UFC Fight Night: Swanson vs Stephens,2014-06-28,San Antonio,Texas,USA
387,EVE0277,UFC Fight Night: Te Huna vs Marquardt,2014-06-28,Auckland,,New Zealand
388,EVE0276,UFC 174: Johnson vs Bagautinov,2014-06-14,Vancouver,British Columbia,Canada
389,EVE0275,UFC Fight Night: Henderson vs Khabilov,2014-06-07,Albuquerque,New Mexico,USA
390,EVE0274,UFC Fight Night: Miocic vs Maldonado,2014-05-31,Sao Paulo,,Brazil
391,EVE0273,UFC Fight Night: Munoz vs Mousasi,2014-05-31,Berlin,,Germany
392,EVE0272,UFC 173: Barao vs Dillashaw,2014-05-24,Las Vegas,Nevada,USA
393,EVE0271,UFC Fight Night: Brown vs Silva,2014-05-10,Cincinnati,Ohio,USA
394,EVE0270,UFC 172: Jones vs Teixeira,2014-04-26,Baltimore,Maryland,USA
395,EVE0269,UFC on FOX: Werdum vs Browne,2014-04-19,Orlando,Florida,USA
396,EVE0268,UFC Fight Night: Bisping vs Kennedy,2014-04-16,Quebec City,Quebec,Canada
397,EVE0267,UFC Fight Night: Minotauro vs Nelson,2014-04-11,Abu Dhabi,,United Arab Emirates
398,EVE0266,UFC Fight Night: Shogun vs Henderson 2,2014-03-23,Natal,Rio Grande do Norte,Brazil
399,EVE0265,UFC 171: Hendricks vs Lawler,2014-03-15,Dallas,Texas,USA
400,EVE0264,UFC Fight Night: Gustafsson vs Manuwa,2014-03-08,London,England,United Kingdom
401,EVE0263,UFC Fight Night: Kim vs Hathaway,2014-03-01,Macau,,China
402,EVE0262,UFC 170: Rousey vs McMann,2014-02-22,Las Vegas,Nevada,USA
403,EVE0261,UFC Fight Night: Machida vs Mousasi,2014-02-15,Jaragua do Sul,Santa Catarina,Brazil
404,EVE0260,UFC 169: Barao vs Faber 2,2014-02-01,Newark,New Jersey,USA
405,EVE0259,UFC on FOX: Henderson vs Thomson,2014-01-25,Chicago,Illinois,USA
406,EVE0258,UFC Fight Night: Rockhold vs Philippou,2014-01-15,Duluth,Georgia,USA
407,EVE0257,UFC Fight Night: Saffiedine vs Lim,2014-01-04,Singapore,,Singapore
408,EVE0256,UFC 168: Weidman vs Silva 2,2013-12-28,Las Vegas,Nevada,USA
409,EVE0255,UFC on FOX: Johnson vs. Benavidez 2,2013-12-14,Sacramento,California,USA
410,EVE0254,UFC Fight Night: Hunt vs Bigfoot,2013-12-06,Brisbane,Queensland,Australia
411,EVE0253,The Ultimate Fighter: Team Rousey vs. Team Tate Finale,2013-11-30,Las Vegas,Nevada,USA
412,EVE0252,UFC 167: St-Pierre vs Hendricks,2013-11-16,Las Vegas,Nevada,USA
413,EVE0251,UFC Fight Night: Belfort vs Henderson 2,2013-11-09,Goiania,Goias,Brazil
414,EVE0250,UFC Fight Night: Fight for the Troops 3,2013-11-06,Fort Campbell,Kentucky,USA
415,EVE0249,UFC Fight Night: Machida vs Munoz,2013-10-26,Manchester,England,United Kingdom
416,EVE0248,UFC 166: Velasquez vs Dos Santos 3,2013-10-19,Houston,Texas,USA
417,EVE0247,UFC Fight Night: Maia vs Shields,2013-10-09,Barueri,Sao Paulo,Brazil
418,EVE0246,UFC 165: Jones vs Gustafsson,2013-09-21,Toronto,Ontario,Canada
419,EVE0245,UFC Fight Night: Teixeira vs Bader,2013-09-04,Belo Horizonte,Minas Gerais,Brazil
420,EVE0244,UFC 164: Henderson vs Pettis 2,2013-08-31,Milwaukee,Wisconsin,USA
421,EVE0243,UFC Fight Night: Condit vs Kampmann 2,2013-08-28,Indianapolis,Indiana,USA
422,EVE0242,UFC Fight Night: Shogun vs Sonnen,2013-08-17,Boston,Massachusetts,USA
423,EVE0241,UFC 163: Aldo vs Jung,2013-08-03,Rio de Janeiro,,Brazil
424,EVE0240,UFC on FOX: Johnson vs Moraga,2013-07-27,Seattle,Washington,USA
425,EVE0239,UFC 162: Silva vs Weidman,2013-07-06,Las Vegas,Nevada,USA
426,EVE0238,UFC 161: Evans vs Henderson,2013-06-15,Winnipeg,Manitoba,Canada
427,EVE0237,UFC on FUEL TV: Nogueira vs. Werdum,2013-06-08,Fortaleza,Ceara,Brazil
428,EVE0236,UFC 160: Velasquez vs Silva 2,2013-05-25,Las Vegas,Nevada,USA
429,EVE0235,UFC on FX: Belfort vs. Rockhold,2013-05-18,Jaragua do Sul,Santa Catarina,Brazil
430,EVE0234,UFC 159: Jones vs Sonnen,2013-04-27,Newark,New Jersey,USA
431,EVE0233,UFC on FOX: Henderson vs Melendez,2013-04-20,San Jose,California,USA
432,EVE0232,The Ultimate Fighter: Team Jones vs. Team Sonnen Finale,2013-04-13,Las Vegas,Nevada,USA
433,EVE0231,UFC on FUEL TV: Mousasi vs Latifi,2013-04-06,Stockholm,,Sweden
434,EVE0230,UFC 158: St-Pierre vs Diaz,2013-03-16,Montreal,Quebec,Canada
435,EVE0229,UFC on FUEL TV: Silva vs. Stann,2013-03-02,Saitama,,Japan
436,EVE0228,UFC 157: Rousey vs Carmouche,2013-02-23,Anaheim,California,USA
437,EVE0227,UFC on FUEL TV: Barao vs McDonald,2013-02-16,London,England,United Kingdom
438,EVE0226,UFC 156: Aldo vs Edgar,2013-02-02,Las Vegas,Nevada,USA
439,EVE0225,UFC on FOX: Johnson vs Dodson,2013-01-26,Chicago,Illinois,USA
440,EVE0224,UFC on FX: Belfort vs Bisping,2013-01-19,Sao Paulo,,Brazil
441,EVE0223,UFC 155: Dos Santos vs Velasquez II,2012-12-29,Las Vegas,Nevada,USA
442,EVE0222,The Ultimate Fighter: Team Carwin vs. Team Nelson Finale,2012-12-15,Las Vegas,Nevada,USA
443,EVE0221,UFC on FX: Sotiropoulos vs Pearson,2012-12-14,Gold Coast,Queensland,Australia
444,EVE0220,UFC on FOX: Henderson vs Diaz,2012-12-08,Seattle,Washington,USA
445,EVE0219,UFC 154: St-Pierre vs Condit,2012-11-17,Montreal,Quebec,Canada
446,EVE0218,UFC Macao: Franklin vs Le,2012-11-10,Macau,,China
447,EVE0217,UFC 153: Silva vs Bonnar,2012-10-13,Rio de Janeiro,,Brazil
448,EVE0216,UFC on FX: Browne vs Bigfoot,2012-10-05,Minneapolis,Minnesota,USA
449,EVE0215,UFC on FUEL TV: Struve vs Miocic,2012-09-29,Nottingham,England,United Kingdom
450,EVE0214,UFC 152: Jones vs Belfort,2012-09-22,Toronto,Ontario,Canada
451,EVE0213,UFC 150: Henderson vs Edgar II,2012-08-11,Denver,Colorado,USA
452,EVE0212,UFC on FOX: Shogun vs Vera,2012-08-04,Los Angeles,California,USA
453,EVE0211,UFC 149: Faber vs Barao,2012-07-21,Calgary,Alberta,Canada
454,EVE0210,UFC on FUEL TV: Munoz vs Weidman,2012-07-11,San Jose,California,USA
455,EVE0209,UFC 148: Silva vs Sonnen 2,2012-07-07,Las Vegas,Nevada,USA
456,EVE0208,UFC 147: Silva vs Franklin 2,2012-06-23,Belo Horizonte,Minas Gerais,Brazil
457,EVE0207,UFC on FX: Maynard vs Guida,2012-06-22,Atlantic City,New Jersey,USA
458,EVE0206,UFC on FX: Johnson vs McCall,2012-06-08,Sunrise,Florida,USA
459,EVE0205,The Ultimate Fighter: Live Finale,2012-06-01,Las Vegas,Nevada,USA
460,EVE0204,UFC 146: Dos Santos vs Mir,2012-05-26,Las Vegas,Nevada,USA
461,EVE0203,UFC on FUEL TV: Korean Zombie vs Poirier,2012-05-15,Fairfax,Virginia,USA
462,EVE0202,UFC on FOX: Diaz vs Miller,2012-05-05,East Rutherford,New Jersey,USA
463,EVE0201,UFC 145: Jones vs Evans,2012-04-21,Atlanta,Georgia,USA
464,EVE0200,UFC on FUEL TV: Gustafsson vs Silva,2012-04-14,Stockholm,,Sweden
465,EVE0199,UFC on FX: Alves vs Kampmann,2012-03-02,Sydney,New South Wales,Australia
466,EVE0198,UFC 144: Edgar vs Henderson,2012-02-25,Saitama,,Japan
467,EVE0197,UFC on FUEL TV: Sanchez vs Ellenberger,2012-02-15,Omaha,Nebraska,USA
468,EVE0196,UFC 143: Diaz vs Condit,2012-02-04,Las Vegas,Nevada,USA
469,EVE0195,UFC on FOX: Evans vs Davis,2012-01-28,Chicago,Illinois,USA
470,EVE0194,UFC on FX: Guillard vs Miller,2012-01-20,Nashville,Tennessee,USA
471,EVE0193,UFC 142: Aldo vs Mendes,2012-01-14,Rio de Janeiro,,Brazil
472,EVE0192,UFC 141: Lesnar vs Overeem,2011-12-30,Las Vegas,Nevada,USA
473,EVE0191,UFC 140: Jones vs Machida,2011-12-10,Toronto,Ontario,Canada
474,EVE0190,The Ultimate Fighter: Team Bisping vs Team Miller Finale,2011-12-03,Las Vegas,Nevada,USA
475,EVE0189,UFC 139: Shogun vs Henderson,2011-11-19,San Jose,California,USA
476,EVE0188,UFC on FOX: Velasquez vs Dos Santos,2011-11-12,Anaheim,California,USA
477,EVE0187,UFC 138: Leben vs Munoz,2011-11-05,Birmingham,England,United Kingdom
478,EVE0186,UFC 137: Penn vs Diaz,2011-10-29,Las Vegas,Nevada,USA
479,EVE0185,UFC 136: Edgar vs Maynard 3,2011-10-08,Houston,Texas,USA
480,EVE0184,UFC Live: Cruz vs Johnson,2011-10-01,Washington,DC,USA
481,EVE0183,UFC 135: Jones vs Rampage,2011-09-24,Denver,Colorado,USA
482,EVE0182,UFC Fight Night: Shields vs Ellenberger,2011-09-17,New Orleans,Louisiana,USA
483,EVE0181,UFC 134: Silva vs Okami,2011-08-27,Rio de Janeiro,,Brazil
484,EVE0180,UFC Live: Hardy vs Lytle,2011-08-14,Milwaukee,Wisconsin,USA
485,EVE0179,UFC 133: Evans vs Ortiz 2,2011-08-06,Philadelphia,Pennsylvania,USA
486,EVE0178,UFC 132: Cruz vs Faber,2011-07-02,Las Vegas,Nevada,USA
487,EVE0177,UFC Live: Kongo vs Barry,2011-06-26,Pittsburgh,Pennsylvania,USA
488,EVE0176,UFC 131: Dos Santos vs Carwin,2011-06-11,Vancouver,British Columbia,Canada
489,EVE0175,The Ultimate Fighter: Team Lesnar vs Team dos Santos Finale,2011-06-04,Las Vegas,Nevada,USA
490,EVE0174,UFC 130: Rampage vs Hamill,2011-05-28,Las Vegas,Nevada,USA
491,EVE0173,UFC 129: St-Pierre vs Shields,2011-04-30,Toronto,Ontario,Canada
492,EVE0172,UFC Fight Night: Nogueira vs Davis,2011-03-26,Seattle,Washington,USA
493,EVE0171,UFC 128: Shogun vs Jones,2011-03-19,Newark,New Jersey,USA
494,EVE0170,UFC Live: Sanchez vs Kampmann,2011-03-03,Louisville,Kentucky,USA
495,EVE0169,UFC 127: Penn vs Fitch,2011-02-26,Sydney,New South Wales,Australia
496,EVE0168,UFC 126: Silva vs Belfort,2011-02-05,Las Vegas,Nevada,USA
497,EVE0167,UFC Fight Night: Fight for the Troops 2,2011-01-22,Killeen,Texas,USA
498,EVE0166,UFC 125: Resolution,2011-01-01,Las Vegas,Nevada,USA
499,EVE0165,UFC 124: St-Pierre vs Koscheck 2,2010-12-11,Montreal,Quebec,Canada
500,EVE0164,The Ultimate Fighter: Team GSP vs Team Koscheck Finale,2010-12-04,Las Vegas,Nevada,USA
501,EVE0163,UFC 123: Rampage vs Machida,2010-11-20,Auburn Hills,Michigan,USA
502,EVE0162,UFC 122: Marquardt vs Okami,2010-11-13,Oberhausen,North Rhine-Westphalia,Germany
503,EVE0161,UFC 121: Lesnar vs Velasquez,2010-10-23,Anaheim,California,USA
504,EVE0160,UFC 120: Bisping vs Akiyama,2010-10-16,London,England,United Kingdom
505,EVE0159,UFC 119: Mir vs Cro Cop,2010-09-25,Indianapolis,Indiana,USA
506,EVE0158,UFC Fight Night: Marquardt vs Palhares,2010-09-15,Austin,Texas,USA
507,EVE0157,UFC 118: Edgar vs Penn 2,2010-08-28,Boston,Massachusetts,USA
508,EVE0156,UFC 117: Silva vs Sonnen,2010-08-07,Oakland,California,USA
509,EVE0155,UFC Live: Jones vs Matyushenko,2010-08-01,San Diego,California,USA
510,EVE0154,UFC 116: Lesnar vs Carwin,2010-07-03,Las Vegas,Nevada,USA
511,EVE0153,The Ultimate Fighter: Team Liddell vs Team Ortiz Finale,2010-06-19,Las Vegas,Nevada,USA
512,EVE0152,UFC 115: Liddell vs Franklin,2010-06-12,Vancouver,British Columbia,Canada
513,EVE0151,UFC 114: Rampage vs Evans,2010-05-29,Las Vegas,Nevada,USA
514,EVE0150,UFC 113: Machida vs Shogun 2,2010-05-08,Montreal,Quebec,Canada
515,EVE0149,UFC 112: Invincible,2010-04-10,Abu Dhabi,,United Arab Emirates
516,EVE0148,UFC Fight Night: Florian vs Gomi,2010-03-31,Charlotte,North Carolina,USA
517,EVE0147,UFC 111: St-Pierre vs Hardy,2010-03-27,Newark,New Jersey,USA
518,EVE0146,UFC Live: Vera vs Jones,2010-03-21,Broomfield,Colorado,USA
519,EVE0145,UFC 110: Nogueira vs Velasquez,2010-02-20,Sydney,New South Wales,Australia
520,EVE0144,UFC 109: Relentless,2010-02-06,Las Vegas,Nevada,USA
521,EVE0143,UFC Fight Night: Maynard vs Diaz,2010-01-11,Fairfax,Virginia,USA
522,EVE0142,UFC 108: Evans vs Silva,2010-01-02,Las Vegas,Nevada,USA
523,EVE0141,UFC 107: Penn vs Sanchez,2009-12-12,Memphis,Tennessee,USA
524,EVE0140,The Ultimate Fighter: Heavyweights Finale,2009-12-05,Las Vegas,Nevada,USA
525,EVE0139,UFC 106: Ortiz vs Griffin 2,2009-11-21,Las Vegas,Nevada,USA
526,EVE0138,UFC 105: Couture vs Vera,2009-11-14,Manchester,England,United Kingdom
527,EVE0137,UFC 104: Machida vs Shogun,2009-10-24,Los Angeles,California,USA
528,EVE0136,UFC 103: Franklin vs Belfort,2009-09-19,Dallas,Texas,USA
529,EVE0135,UFC Fight Night: Diaz vs Guillard,2009-09-16,Oklahoma City,Oklahoma,USA
530,EVE0134,UFC 102: Couture vs Nogueira,2009-08-29,Portland,Oregon,USA
531,EVE0133,UFC 101: Declaration,2009-08-08,Philadelphia,Pennsylvania,USA
532,EVE0132,UFC 100,2009-07-11,Las Vegas,Nevada,USA
533,EVE0131,The Ultimate Fighter: United States vs. United Kingdom Finale,2009-06-20,Las Vegas,Nevada,USA
534,EVE0130,UFC 99: The Comeback,2009-06-13,Cologne,North Rhine-Westphalia,Germany
535,EVE0129,UFC 98: Evans vs Machida,2009-05-23,Las Vegas,Nevada,USA
536,EVE0128,UFC 97: Redemption,2009-04-18,Montreal,Quebec,Canada
537,EVE0127,UFC Fight Night: Condit vs Kampmann,2009-04-01,Nashville,Tennessee,USA
538,EVE0126,UFC 96: Jackson vs Jardine,2009-03-07,Columbus,Ohio,USA
539,EVE0125,UFC 95: Sanchez vs Stevenson,2009-02-21,London,England,United Kingdom
540,EVE0124,UFC Fight Night: Lauzon vs Stephens,2009-02-07,Tampa,Florida,USA
541,EVE0123,UFC 94: St-Pierre vs Penn 2,2009-01-31,Las Vegas,Nevada,USA
542,EVE0122,UFC 93: Franklin vs Henderson,2009-01-17,Dublin,Leinster,Ireland
543,EVE0121,UFC 92: The Ultimate 2008,2008-12-27,Las Vegas,Nevada,USA
544,EVE0120,The Ultimate Fighter: Team Nogueira vs. Team Mir Finale,2008-12-13,Las Vegas,Nevada,USA
545,EVE0119,UFC Fight Night - Fight for the Troops,2008-12-10,Fayetteville,North Carolina,USA
546,EVE0118,UFC 91: Couture vs Lesnar,2008-11-15,Las Vegas,Nevada,USA
547,EVE0117,UFC 90: Silva vs Cote,2008-10-25,Rosemont,Illinois,USA
548,EVE0116,UFC 89: Bisping vs Leben,2008-10-18,Birmingham,England,United Kingdom
549,EVE0115,UFC Fight Night: Diaz vs Neer,2008-09-17,Omaha,Nebraska,USA
550,EVE0114,UFC 88: Breakthrough,2008-09-06,Atlanta,Georgia,USA
551,EVE0113,UFC 87: Seek And Destroy,2008-08-09,Minneapolis,Minnesota,USA
552,EVE0112,UFC: Silva vs Irvin,2008-07-19,Las Vegas,Nevada,USA
553,EVE0111,UFC 86: Jackson vs Griffin,2008-07-05,Las Vegas,Nevada,USA
554,EVE0110,The Ultimate Fighter: Team Rampage vs Team Forrest Finale,2008-06-21,Las Vegas,Nevada,USA
555,EVE0109,UFC 85: Bedlam,2008-06-07,London,England,United Kingdom
556,EVE0108,UFC 84: Ill Will,2008-05-24,Las Vegas,Nevada,USA
557,EVE0107,UFC 83: Serra vs St-Pierre 2,2008-04-19,Montreal,Quebec,Canada
558,EVE0106,UFC Fight Night: Florian vs Lauzon,2008-04-02,Broomfield,Colorado,USA
559,EVE0105,UFC 82: Pride of a Champion,2008-03-01,Columbus,Ohio,USA
560,EVE0104,UFC 81: Breaking Point,2008-02-02,Las Vegas,Nevada,USA
561,EVE0103,UFC Fight Night: Swick vs Burkman,2008-01-23,Las Vegas,Nevada,USA
562,EVE0102,UFC 80: Rapid Fire,2008-01-19,Newcastle,England,United Kingdom
563,EVE0101,UFC 79: Nemesis,2007-12-29,Las Vegas,Nevada,USA
564,EVE0100,The Ultimate Fighter: Team Hughes vs. Team Serra Finale,2007-12-08,Las Vegas,Nevada,USA
565,EVE0099,UFC 78: Validation,2007-11-17,Newark,New Jersey,USA
566,EVE0098,UFC 77: Hostile Territory,2007-10-20,Cincinnati,Ohio,USA
567,EVE0097,UFC 76: Knockout,2007-09-22,Anaheim,California,USA
568,EVE0096,UFC Fight Night: Thomas vs Florian,2007-09-19,Las Vegas,Nevada,USA
569,EVE0095,UFC 75: Champion vs Champion,2007-09-08,London,England,United Kingdom
570,EVE0094,UFC 74: Respect,2007-08-25,Las Vegas,Nevada,USA
571,EVE0093,UFC 73: Stacked,2007-07-07,Sacramento,California,USA
572,EVE0092,The Ultimate Fighter: Team Pulver vs. Team Penn Finale,2007-06-23,Las Vegas,Nevada,USA
573,EVE0091,UFC 72: Victory,2007-06-16,Belfast,Northern Ireland,United Kingdom
574,EVE0090,UFC Fight Night: Stout vs Fisher,2007-06-12,Hollywood,Florida,USA
575,EVE0089,UFC 71: Liddell vs Jackson,2007-05-26,Las Vegas,Nevada,USA
576,EVE0088,UFC 70: Nations Collide,2007-04-21,Manchester,England,United Kingdom
577,EVE0087,UFC 69: Shootout,2007-04-07,Houston,Texas,USA
578,EVE0086,UFC Fight Night: Stevenson vs Guillard,2007-04-05,Las Vegas,Nevada,USA
579,EVE0085,UFC 68: The Uprising,2007-03-03,Columbus,Ohio,USA
580,EVE0084,UFC 67: All or Nothing,2007-02-03,Las Vegas,Nevada,USA
581,EVE0083,UFC Fight Night: Evans vs Salmon,2007-01-25,Hollywood,Florida,USA
582,EVE0082,UFC 66: Liddell vs Ortiz 2,2006-12-30,Las Vegas,Nevada,USA
583,EVE0081,UFC Fight Night: Sanchez vs Riggs,2006-12-13,San Diego,California,USA
584,EVE0080,UFC 65: Bad Intentions,2006-11-18,Sacramento,California,USA
585,EVE0079,The Ultimate Fighter: The Comeback Finale,2006-11-11,Las Vegas,Nevada,USA
586,EVE0078,UFC 64: Unstoppable,2006-10-14,Las Vegas,Nevada,USA
587,EVE0077,Ortiz vs Shamrock 3: The Final Chapter,2006-10-10,Hollywood,Florida,USA
588,EVE0076,UFC 63: Hughes vs Penn,2006-09-23,Anaheim,California,USA
589,EVE0075,UFC 62: Liddell vs Sobral,2006-08-26,Las Vegas,Nevada,USA
590,EVE0074,UFC Fight Night 6,2006-08-17,Las Vegas,Nevada,USA
591,EVE0073,UFC 61: Bitter Rivals,2006-07-08,Las Vegas,Nevada,USA
592,EVE0072,UFC Fight Night 5,2006-06-28,Las Vegas,Nevada,USA
593,EVE0071,The Ultimate Fighter: Team Ortiz vs. Team Shamrock Finale,2006-06-24,Las Vegas,Nevada,USA
594,EVE0070,UFC 60: Hughes vs Gracie,2006-05-27,Los Angeles,California,USA
595,EVE0069,UFC 59: Reality Check,2006-04-15,Anaheim,California,USA
596,EVE0068,UFC Fight Night 4,2006-04-06,Las Vegas,Nevada,USA
597,EVE0067,UFC 58: USA vs Canada,2006-03-04,Las Vegas,Nevada,USA
598,EVE0066,UFC 57: Liddell vs Couture 3,2006-02-04,Las Vegas,Nevada,USA
599,EVE0065,UFC Fight Night 3,2006-01-16,Las Vegas,Nevada,USA
600,EVE0064,UFC 56: Full Force,2005-11-19,Las Vegas,Nevada,USA
601,EVE0063,The Ultimate Fighter: Team Hughes vs. Team Franklin Finale,2005-11-05,Las Vegas,Nevada,USA
602,EVE0062,UFC 55: Fury,2005-10-07,Uncasville,Connecticut,USA
603,EVE0061,UFC Fight Night 2,2005-10-03,Las Vegas,Nevada,USA
604,EVE0060,UFC 54: Boiling Point,2005-08-20,Las Vegas,Nevada,USA
605,EVE0059,UFC Fight Night 1,2005-08-06,Las Vegas,Nevada,USA
606,EVE0058,UFC 53: Heavy Hitters,2005-06-04,Atlantic City,New Jersey,USA
607,EVE0057,UFC 52: Couture vs Liddell 2,2005-04-16,Las Vegas,Nevada,USA
608,EVE0056,The Ultimate Fighter: Team Couture vs. Team Liddell Finale,2005-04-09,Las Vegas,Nevada,USA
609,EVE0055,UFC 51: Super Saturday,2005-02-05,Las Vegas,Nevada,USA
610,EVE0054,UFC 50: The War Of '04,2004-10-22,Atlantic City,New Jersey,USA
611,EVE0053,UFC 49: Unfinished Business,2004-08-21,Las Vegas,Nevada,USA
612,EVE0052,UFC 48: Payback,2004-06-19,Las Vegas,Nevada,USA
613,EVE0051,UFC 47: It's On!,2004-04-02,Las Vegas,Nevada,USA
614,EVE0050,UFC 46: Supernatural,2004-01-31,Las Vegas,Nevada,USA
615,EVE0049,UFC 45: Revolution,2003-11-21,Uncasville,Connecticut,USA
616,EVE0048,UFC 44: Undisputed,2003-09-26,Las Vegas,Nevada,USA
617,EVE0047,UFC 43: Meltdown,2003-06-06,Las Vegas,Nevada,USA
618,EVE0046,UFC 42: Sudden Impact,2003-04-25,Miami,Florida,USA
619,EVE0045,UFC 41: Onslaught,2003-02-28,Atlantic City,New Jersey,USA
620,EVE0044,UFC 40: Vendetta,2002-11-22,Las Vegas,Nevada,USA
621,EVE0043,UFC 39: The Warriors Return,2002-09-27,Uncasville,Connecticut,USA
622,EVE0042,UFC 38: Brawl at the Hall,2002-07-13,London,England,United Kingdom
623,EVE0041,UFC 37.5: As Real As It Gets,2002-06-22,Las Vegas,Nevada,USA
624,EVE0040,UFC 37: High Impact,2002-05-10,Bossier City,Louisiana,USA
625,EVE0039,UFC 36: Worlds Collide,2002-03-22,Las Vegas,Nevada,USA
626,EVE0038,UFC 35: Throwdown,2002-01-11,Uncasville,Connecticut,USA
627,EVE0037,UFC 34: High Voltage,2001-11-02,Las Vegas,Nevada,USA
628,EVE0036,UFC 33: Victory in Vegas,2001-09-28,Las Vegas,Nevada,USA
629,EVE0035,UFC 32: Showdown in the Meadowlands,2001-06-29,East Rutherford,New Jersey,USA
630,EVE0034,UFC 31: Locked and Loaded,2001-05-04,Atlantic City,New Jersey,USA
631,EVE0033,UFC 30: Battle on the Boardwalk,2001-02-23,Atlantic City,New Jersey,USA
632,EVE0032,UFC 29: Defense of the Belts,2000-12-16,Tokyo,,Japan
633,EVE0031,UFC 28: High Stakes,2000-11-17,Atlantic City,New Jersey,USA
634,EVE0030,UFC 27: Ultimate Bad Boyz,2000-09-22,New Orleans,Louisiana,USA
635,EVE0029,UFC 26: Ultimate Field Of Dreams,2000-06-09,Cedar Rapids,Iowa,USA
636,EVE0028,UFC 25: Ultimate Japan 3,2000-04-14,Tokyo,,Japan
637,EVE0027,UFC 24: First Defense,2000-03-10,Lake Charles,Louisiana,USA
638,EVE0026,UFC 23: Ultimate Japan 2,1999-11-19,Chiba,,Japan
639,EVE0025,UFC 22: Only One Can be Champion,1999-09-24,Lake Charles,Louisiana,USA
640,EVE0024,UFC 21: Return of the Champions,1999-07-16,Cedar Rapids,Iowa,USA
641,EVE0023,UFC 20: Battle for the Gold,1999-05-07,Birmingham,Alabama,USA
642,EVE0022,UFC 19: Ultimate Young Guns,1999-03-05,Bay St. Louis,Mississippi,USA
643,EVE0021,UFC 18: The Road to the Heavyweight Title,1999-01-08,New Orleans,Louisiana,USA
644,EVE0020,UFC - Ultimate Brazil,1998-10-16,Sao Paulo,,Brazil
645,EVE0019,UFC 17: Redemption,1998-05-15,Mobile,Alabama,USA
646,EVE0018,UFC 16: Battle in the Bayou,1998-03-13,New Orleans,Louisiana,USA
647,EVE0017,UFC - Ultimate Japan,1997-12-21,Yokohama,Kanagawa,Japan
648,EVE0016,UFC 15: Collision Course,1997-10-17,Bay St. Louis,Mississippi,USA
649,EVE0015,UFC 14: Showdown,1997-07-27,Birmingham,Alabama,USA
650,EVE0014,UFC 13: The Ultimate Force,1997-05-30,Augusta,Georgia,USA
651,EVE0013,UFC 12: Judgement Day,1997-02-07,Dothan,Alabama,USA
652,EVE0012,UFC - Ultimate Ultimate '96,1996-12-07,Birmingham,Alabama,USA
653,EVE0011,UFC 11: The Proving Ground,1996-09-20,Augusta,Georgia,USA
654,EVE0010,UFC 10: The Tournament,1996-07-12,Birmingham,Alabama,USA
655,EVE0009,UFC 9: Motor City Madness,1996-05-17,Detroit,Michigan,USA
656,EVE0008,UFC 8: David vs Goliath,1996-02-16,San Juan,,Puerto Rico
657,EVE0007,UFC - Ultimate Ultimate '95,1995-12-16,Denver,Colorado,USA
658,EVE0006,UFC 7: The Brawl in Buffalo,1995-09-08,Buffalo,New York,USA
659,EVE0005,UFC 6: Clash of the Titans,1995-07-14,Casper,Wyoming,USA
660,EVE0004,UFC 5: The Return of the Beast,1995-04-07,Charlotte,North Carolina,USA
661,EVE0003,UFC 4: Revenge of the Warriors,1994-12-16,Tulsa,Oklahoma,USA
662,EVE0002,UFC 3: The American Dream,1994-09-09,Charlotte,North Carolina,USA
663,EVE0001,UFC 2: No Way Out,1994-03-11,Denver,Colorado,USA
